commit,date,module,kind,target_device,speed_grade,clock_target_mhz,fmax_mhz,worst_slack_ns,lut4,ff,ebr18,mult18x18d,pll,latency_cycles,throughput,config,critical_path_summary,seed,tool_versions,multiplications,additions,comparators,total_cells,wire_bits,timing_met
afa5b3c9b93d,2026-09-11T21:43:05Z,sample_scheduler,low-rate-control,LFE5U-45F-7BG256I,-7,125.0,141.323,0.924,161,138,0,0,0,"1 clk (phase accumulator, sample_ce generated continuously)",1 sample_ce per 134 clk (930 kSa/s at 125 MHz),production-defaults,"sig_trim_inc_TRELLIS_FF_Q_23 -> dut.sample_ce_TRELLIS_FF_Q [6.55 ns: logic 3.22 + route 3.33, 83 segs]",1,"yosys=Yosys 0.52 (git sha1 fee39a3284c90249e1d9684cf6944ffbbcbb8f90); nextpnr=""nextpnr-ecp5"" -- Next Generation Place and Route (Version 0.9-3); iverilog=Icarus Verilog version 12.0 (stable) (); python=Python 3.14.4; host=Linux-7.0.0-28-generic-x86_64-with-glibc2.43",N/A,8,0,0,231,True
afa5b3c9b93d,2026-09-11T21:28:06Z,adc_if,io-interface,LFE5U-45F-7BG256I,-7,125.0,211.372,3.269,93,137,0,0,0,N/A (serial frame FSM),1 sample pair per frame (~32 clk),production-defaults,"dut.bit_count_TRELLIS_FF_Q_3 -> dut.ch0_sample_TRELLIS_FF_Q_3 [4.21 ns: logic 0.71 + route 3.50, 9 segs]",1,"yosys=Yosys 0.52 (git sha1 fee39a3284c90249e1d9684cf6944ffbbcbb8f90); nextpnr=""nextpnr-ecp5"" -- Next Generation Place and Route (Version 0.9-3); iverilog=Icarus Verilog version 12.0 (stable) (); python=Python 3.14.4; host=Linux-7.0.0-28-generic-x86_64-with-glibc2.43",N/A,12,18,0,190,True
afa5b3c9b93d,2026-09-11T21:41:55Z,pga_spi_master,io-interface,LFE5U-45F-7BG256I,-7,125.0,214.5,3.338,117,75,0,0,0,N/A (bit-banged SPI FSM),1 gain word per SPI frame,production-defaults,"dut.bit_index_TRELLIS_FF_Q -> dut.shift_word_TRELLIS_FF_Q [3.71 ns: logic 1.12 + route 2.60, 13 segs]",1,"yosys=Yosys 0.52 (git sha1 fee39a3284c90249e1d9684cf6944ffbbcbb8f90); nextpnr=""nextpnr-ecp5"" -- Next Generation Place and Route (Version 0.9-3); iverilog=Icarus Verilog version 12.0 (stable) (); python=Python 3.14.4; host=Linux-7.0.0-28-generic-x86_64-with-glibc2.43",N/A,10,22,0,160,True
afa5b3c9b93d,2026-09-11T21:40:09Z,goertzel_resonator,single-cycle,LFE5U-45F-7BG256I,-7,125.0,34.661,-20.851,544,183,0,6,0,1 clk per sample (II=1),1 sample per clk (gated by sample_ce),production-defaults,"dut.state_1_TRELLIS_FF_Q_6 -> dut.state_1_TRELLIS_FF_Q_14 [28.33 ns: logic 14.40 + route 13.93, 139 segs]",1,"yosys=Yosys 0.52 (git sha1 fee39a3284c90249e1d9684cf6944ffbbcbb8f90); nextpnr=""nextpnr-ecp5"" -- Next Generation Place and Route (Version 0.9-3); iverilog=Icarus Verilog version 12.0 (stable) (); python=Python 3.14.4; host=Linux-7.0.0-28-generic-x86_64-with-glibc2.43",6,10,20,0,1197,False
afa5b3c9b93d,2026-09-11T21:40:01Z,goertzel_complex_12,single-cycle,LFE5U-45F-7BG256I,-7,125.0,90.769,-3.017,218,160,0,2,0,1 clk per sample (II=1),1 sample per clk (gated by sample_ce),production-defaults,"sig_state_2_TRELLIS_FF_Q_10 -> sig_bin_real_q_TRELLIS_FF_Q [10.49 ns: logic 6.59 + route 3.90, 65 segs]",1,"yosys=Yosys 0.52 (git sha1 fee39a3284c90249e1d9684cf6944ffbbcbb8f90); nextpnr=""nextpnr-ecp5"" -- Next Generation Place and Route (Version 0.9-3); iverilog=Icarus Verilog version 12.0 (stable) (); python=Python 3.14.4; host=Linux-7.0.0-28-generic-x86_64-with-glibc2.43",2,6,0,0,283,False
afa5b3c9b93d,2026-09-11T21:39:01Z,engeler_goertzel_bank,single-cycle,LFE5U-45F-7BG256I,-7,125.0,27.29,-28.644,1595,451,0,18,0,1 clk per sample (II=1),1 sample per clk (gated by sample_ce),production-defaults,"dut.pm_i.state_1_TRELLIS_FF_Q_15 -> dut.pm_i.state_1_TRELLIS_FF_Q_5 [36.12 ns: logic 15.67 + route 20.45, 153 segs]",1,"yosys=Yosys 0.52 (git sha1 fee39a3284c90249e1d9684cf6944ffbbcbb8f90); nextpnr=""nextpnr-ecp5"" -- Next Generation Place and Route (Version 0.9-3); iverilog=Icarus Verilog version 12.0 (stable) (); python=Python 3.14.4; host=Linux-7.0.0-28-generic-x86_64-with-glibc2.43",18,18,60,0,1197,False
afa5b3c9b93d,2026-09-11T21:39:31Z,engeler_observables,composition,LFE5U-45F-7BG256I,-7,125.0,28.062,-27.636,2163,1051,0,28,0,6 clk to observable_valid (pipeline),1 sample per clk (gated by sample_ce),production-defaults,"dut.detector_i.carrier_i.state_1_TRELLIS_FF_Q_19 -> dut.detector_i.carrier_i.overflow_TRELLIS_FF_Q [35.11 ns: logic 15.08 + route 20.04, 155 segs]",1,"yosys=Yosys 0.52 (git sha1 fee39a3284c90249e1d9684cf6944ffbbcbb8f90); nextpnr=""nextpnr-ecp5"" -- Next Generation Place and Route (Version 0.9-3); iverilog=Icarus Verilog version 12.0 (stable) (); python=Python 3.14.4; host=Linux-7.0.0-28-generic-x86_64-with-glibc2.43",24,20,72,0,1197,False
afa5b3c9b93d,2026-09-11T21:28:10Z,am_bit_extractor,multicycle,LFE5U-45F-7BG256I,-7,125.0,70.338,-6.217,891,447,0,0,0,N/A (per-second decision),1 AM bit per second,production-defaults,"sig_am_observable_TRELLIS_FF_Q_66 -> dut.am_soft_bit_TRELLIS_FF_Q_25 [13.69 ns: logic 6.69 + route 7.00, 177 segs]",1,"yosys=Yosys 0.52 (git sha1 fee39a3284c90249e1d9684cf6944ffbbcbb8f90); nextpnr=""nextpnr-ecp5"" -- Next Generation Place and Route (Version 0.9-3); iverilog=Icarus Verilog version 12.0 (stable) (); python=Python 3.14.4; host=Linux-7.0.0-28-generic-x86_64-with-glibc2.43",N/A,18,20,0,1308,False
afa5b3c9b93d,2026-09-11T21:32:56Z,dcf77_prn_generator,low-rate-control,LFE5U-45F-7BG256I,-7,125.0,346.26,5.112,70,65,0,0,0,N/A (chip sequence generator),1 chip per CYCLES_PER_CHIP,production-defaults,"sig_chip_index_q_TRELLIS_FF_Q -> sig_q_TRELLIS_FF_Q_15 [2.36 ns: logic 0.64 + route 1.73, 7 segs]",1,"yosys=Yosys 0.52 (git sha1 fee39a3284c90249e1d9684cf6944ffbbcbb8f90); nextpnr=""nextpnr-ecp5"" -- Next Generation Place and Route (Version 0.9-3); iverilog=Icarus Verilog version 12.0 (stable) (); python=Python 3.14.4; host=Linux-7.0.0-28-generic-x86_64-with-glibc2.43",N/A,8,2,0,61,True
afa5b3c9b93d,2026-09-11T21:42:56Z,pm_prn_correlator,single-cycle,LFE5U-45F-7BG256I,-7,125.0,112.385,-0.898,248,172,0,0,0,1 clk per chip (II=1),1 chip per clk (gated by chip_ce),production-defaults,"sig_pm_soft_TRELLIS_FF_Q_14 -> dut.accumulator_TRELLIS_FF_Q [8.37 ns: logic 3.19 + route 5.18, 59 segs]",1,"yosys=Yosys 0.52 (git sha1 fee39a3284c90249e1d9684cf6944ffbbcbb8f90); nextpnr=""nextpnr-ecp5"" -- Next Generation Place and Route (Version 0.9-3); iverilog=Icarus Verilog version 12.0 (stable) (); python=Python 3.14.4; host=Linux-7.0.0-28-generic-x86_64-with-glibc2.43",N/A,14,2,0,283,False
afa5b3c9b93d,2026-09-11T21:39:33Z,engeler_pm_correlator,single-cycle,LFE5U-45F-7BG256I,-7,125.0,119.904,-0.34,256,189,0,0,0,1 clk per chip (II=1),1 chip per clk (gated by chip_ce),production-defaults,"sig_pm_soft_TRELLIS_FF_Q_12 -> dut.correlator_i.accumulator_TRELLIS_FF_Q_3 [7.82 ns: logic 3.09 + route 4.73, 51 segs]",1,"yosys=Yosys 0.52 (git sha1 fee39a3284c90249e1d9684cf6944ffbbcbb8f90); nextpnr=""nextpnr-ecp5"" -- Next Generation Place and Route (Version 0.9-3); iverilog=Icarus Verilog version 12.0 (stable) (); python=Python 3.14.4; host=Linux-7.0.0-28-generic-x86_64-with-glibc2.43",N/A,12,4,0,283,False
afa5b3c9b93d,2026-09-11T21:41:59Z,pm_chip_integrator,multicycle,LFE5U-45F-7BG256I,-7,125.0,96.909,-2.319,444,297,0,0,0,N/A (integration window),1 correlation per chip window,production-defaults,"sig_pm_observable_TRELLIS_FF_Q_66 -> dut.chip_soft_TRELLIS_FF_Q_20 [9.79 ns: logic 5.39 + route 4.40, 159 segs]",1,"yosys=Yosys 0.52 (git sha1 fee39a3284c90249e1d9684cf6944ffbbcbb8f90); nextpnr=""nextpnr-ecp5"" -- Next Generation Place and Route (Version 0.9-3); iverilog=Icarus Verilog version 12.0 (stable) (); python=Python 3.14.4; host=Linux-7.0.0-28-generic-x86_64-with-glibc2.43",N/A,16,14,0,1076,False
afa5b3c9b93d,2026-09-11T21:39:39Z,engeler_pm_pipeline,composition,LFE5U-45F-7BG256I,-7,125.0,95.621,-2.458,659,392,0,0,0,correlator depth + integrator depth,1 chip per clk (chip_ce),production-defaults,"dut.integrator_i.chip_accumulator_TRELLIS_FF_Q_73 -> dut.integrator_i.chip_soft_TRELLIS_FF_Q_31 [9.93 ns: logic 5.39 + route 4.54, 159 segs]",1,"yosys=Yosys 0.52 (git sha1 fee39a3284c90249e1d9684cf6944ffbbcbb8f90); nextpnr=""nextpnr-ecp5"" -- Next Generation Place and Route (Version 0.9-3); iverilog=Icarus Verilog version 12.0 (stable) (); python=Python 3.14.4; host=Linux-7.0.0-28-generic-x86_64-with-glibc2.43",N/A,20,18,0,91,False
afa5b3c9b93d,2026-09-11T21:42:53Z,pm_phase_discriminator,composition,LFE5U-45F-7BG256I,-7,125.0,69.793,-6.328,2185,1005,0,0,0,2x pipeline depth (early/late),1 result per PRN cycle,production-defaults,"dut.early_i.correlator_i.correlator_i.correlation_TRELLIS_FF_Q_39 -> dut.div_dividend_TRELLIS_FF_Q_14 [13.80 ns: logic 5.23 + route 8.57, 81 segs]",1,"yosys=Yosys 0.52 (git sha1 fee39a3284c90249e1d9684cf6944ffbbcbb8f90); nextpnr=""nextpnr-ecp5"" -- Next Generation Place and Route (Version 0.9-3); iverilog=Icarus Verilog version 12.0 (stable) (); python=Python 3.14.4; host=Linux-7.0.0-28-generic-x86_64-with-glibc2.43",N/A,38,42,0,1076,False
afa5b3c9b93d,2026-09-11T21:43:28Z,second_phase_detector,low-rate-control,LFE5U-45F-7BG256I,-7,125.0,59.748,-8.737,1756,603,0,0,0,N/A (per-second edge detection),1 measurement per second,production-defaults,"dut.magnitude_q_TRELLIS_FF_Q_65 -> dut.missed_seconds_TRELLIS_FF_Q_1 [15.79 ns: logic 5.47 + route 10.32, 153 segs]",1,"yosys=Yosys 0.52 (git sha1 fee39a3284c90249e1d9684cf6944ffbbcbb8f90); nextpnr=""nextpnr-ecp5"" -- Next Generation Place and Route (Version 0.9-3); iverilog=Icarus Verilog version 12.0 (stable) (); python=Python 3.14.4; host=Linux-7.0.0-28-generic-x86_64-with-glibc2.43",N/A,24,62,0,1938,False
afa5b3c9b93d,2026-09-11T21:42:25Z,pm_minute_sync,low-rate-control,LFE5U-45F-7BG256I,-7,125.0,39.811,-17.119,2097,810,0,0,0,N/A (pattern match),1 result per second,production-defaults,"dut.history[10]_TRELLIS_FF_Q_7 -> dut.quality_gap_TRELLIS_FF_Q [24.59 ns: logic 8.54 + route 16.06, 131 segs]",1,"yosys=Yosys 0.52 (git sha1 fee39a3284c90249e1d9684cf6944ffbbcbb8f90); nextpnr=""nextpnr-ecp5"" -- Next Generation Place and Route (Version 0.9-3); iverilog=Icarus Verilog version 12.0 (stable) (); python=Python 3.14.4; host=Linux-7.0.0-28-generic-x86_64-with-glibc2.43",N/A,22,8,0,1672,False
afa5b3c9b93d,2026-09-11T21:43:07Z,second_evidence_aggregator,single-cycle,LFE5U-45F-7BG256I,-7,125.0,230.203,3.656,134,211,0,0,0,1 clk per second (II=1),1 per second,production-defaults,"sig_pm_evidence_q_TRELLIS_FF_Q_12 -> sig_q_TRELLIS_FF_Q_15 [3.82 ns: logic 0.73 + route 3.09, 9 segs]",1,"yosys=Yosys 0.52 (git sha1 fee39a3284c90249e1d9684cf6944ffbbcbb8f90); nextpnr=""nextpnr-ecp5"" -- Next Generation Place and Route (Version 0.9-3); iverilog=Icarus Verilog version 12.0 (stable) (); python=Python 3.14.4; host=Linux-7.0.0-28-generic-x86_64-with-glibc2.43",N/A,16,0,0,173,True
afa5b3c9b93d,2026-09-11T21:43:31Z,soft_history,multicycle,LFE5U-45F-7BG256I,-7,125.0,140.548,0.885,229,262,12,0,0,read latency after read_enable,1 write/read per second,production-defaults,"dut.memory.0.1 -> sig_read_second_position_q_TRELLIS_FF_Q [1.29 ns: logic 0.24 + route 1.05, 5 segs]",1,"yosys=Yosys 0.52 (git sha1 fee39a3284c90249e1d9684cf6944ffbbcbb8f90); nextpnr=""nextpnr-ecp5"" -- Next Generation Place and Route (Version 0.9-3); iverilog=Icarus Verilog version 12.0 (stable) (); python=Python 3.14.4; host=Linux-7.0.0-28-generic-x86_64-with-glibc2.43",N/A,20,2,0,458,True
afa5b3c9b93d,2026-09-11T21:41:53Z,ml_field_sequencer,composition,LFE5U-45F-7BG256I,-7,125.0,41.693,-15.985,3937,1348,0,0,0,minute + hour + calendar search depth,1 decode per minute,production-defaults,"dut.minute_i.candidate_TRELLIS_FF_Q_4 -> dut.minute_i.quality_gap_TRELLIS_FF_Q_1 [23.46 ns: logic 8.71 + route 14.75, 107 segs]",1,"yosys=Yosys 0.52 (git sha1 fee39a3284c90249e1d9684cf6944ffbbcbb8f90); nextpnr=""nextpnr-ecp5"" -- Next Generation Place and Route (Version 0.9-3); iverilog=Icarus Verilog version 12.0 (stable) (); python=Python 3.14.4; host=Linux-7.0.0-28-generic-x86_64-with-glibc2.43",N/A,68,194,0,852,False
afa5b3c9b93d,2026-09-11T21:41:01Z,minute_candidate_search,multicycle,LFE5U-45F-7BG256I,-7,125.0,39.673,-17.206,1739,449,0,0,0,N clk (score accumulation over candidate set),1 search per minute,production-defaults,"dut.candidate_TRELLIS_FF_Q_4 -> dut.quality_gap_TRELLIS_FF_Q_1 [24.68 ns: logic 9.14 + route 15.54, 139 segs]",1,"yosys=Yosys 0.52 (git sha1 fee39a3284c90249e1d9684cf6944ffbbcbb8f90); nextpnr=""nextpnr-ecp5"" -- Next Generation Place and Route (Version 0.9-3); iverilog=Icarus Verilog version 12.0 (stable) (); python=Python 3.14.4; host=Linux-7.0.0-28-generic-x86_64-with-glibc2.43",N/A,26,16,0,1377,False
afa5b3c9b93d,2026-09-11T21:40:27Z,hour_candidate_search,multicycle,LFE5U-45F-7BG256I,-7,125.0,45.971,-13.753,1694,415,0,0,0,N clk (score accumulation),1 search per hour boundary,production-defaults,"dut.evidence[1]_TRELLIS_FF_Q_23 -> dut.quality_gap_TRELLIS_FF_Q [21.23 ns: logic 8.35 + route 12.88, 127 segs]",1,"yosys=Yosys 0.52 (git sha1 fee39a3284c90249e1d9684cf6944ffbbcbb8f90); nextpnr=""nextpnr-ecp5"" -- Next Generation Place and Route (Version 0.9-3); iverilog=Icarus Verilog version 12.0 (stable) (); python=Python 3.14.4; host=Linux-7.0.0-28-generic-x86_64-with-glibc2.43",N/A,24,12,0,1180,False
afa5b3c9b93d,2026-09-11T21:28:22Z,calendar_candidate_search,multicycle,LFE5U-45F-7BG256I,-7,125.0,38.824,-17.757,1893,397,0,0,0,N clk (score accumulation),1 search per minute boundary,production-defaults,"dut.candidate_TRELLIS_FF_Q_5 -> dut.quality_gap_TRELLIS_FF_Q_1 [25.23 ns: logic 9.73 + route 15.51, 119 segs]",1,"yosys=Yosys 0.52 (git sha1 fee39a3284c90249e1d9684cf6944ffbbcbb8f90); nextpnr=""nextpnr-ecp5"" -- Next Generation Place and Route (Version 0.9-3); iverilog=Icarus Verilog version 12.0 (stable) (); python=Python 3.14.4; host=Linux-7.0.0-28-generic-x86_64-with-glibc2.43",N/A,30,34,0,1292,False
afa5b3c9b93d,2026-09-11T21:41:08Z,ml_decoder_controller,low-rate-control,LFE5U-45F-7BG256I,-7,125.0,92.61,-2.798,896,315,0,0,0,N/A (frame continuity FSM),1 decision per minute,production-defaults,"dut.minute_TRELLIS_FF_Q_5 -> dut.alt_month_TRELLIS_FF_Q_2 [10.27 ns: logic 2.75 + route 7.52, 25 segs]",1,"yosys=Yosys 0.52 (git sha1 fee39a3284c90249e1d9684cf6944ffbbcbb8f90); nextpnr=""nextpnr-ecp5"" -- Next Generation Place and Route (Version 0.9-3); iverilog=Icarus Verilog version 12.0 (stable) (); python=Python 3.14.4; host=Linux-7.0.0-28-generic-x86_64-with-glibc2.43",N/A,60,102,0,1631,False
afa5b3c9b93d,2026-09-11T21:43:04Z,receiver_lock_controller,low-rate-control,LFE5U-45F-7BG256I,-7,125.0,165.865,1.971,106,55,0,0,0,N/A (lock FSM),1 transition per event,QUALIFICATION_ENABLED=1'b1,"dut.holdover_count_TRELLIS_FF_Q_5 -> dut.holdover_count_TRELLIS_FF_Q_4 [5.08 ns: logic 1.90 + route 3.17, 23 segs]",1,"yosys=Yosys 0.52 (git sha1 fee39a3284c90249e1d9684cf6944ffbbcbb8f90); nextpnr=""nextpnr-ecp5"" -- Next Generation Place and Route (Version 0.9-3); iverilog=Icarus Verilog version 12.0 (stable) (); python=Python 3.14.4; host=Linux-7.0.0-28-generic-x86_64-with-glibc2.43",N/A,20,32,0,168,True
afa5b3c9b93d,2026-09-11T21:39:58Z,frequency_discipline,multicycle,LFE5U-45F-7BG256I,-7,125.0,68.185,-6.666,2167,1094,0,0,0,"1 clk observation, once per second (see BEA-36)",1 correction per measurement_ce intervals,production-defaults,"sig_phase_error_TRELLIS_FF_Q_22 -> dut.accepted_count_TRELLIS_FF_Q_3 [13.72 ns: logic 5.72 + route 8.00, 141 segs]",1,"yosys=Yosys 0.52 (git sha1 fee39a3284c90249e1d9684cf6944ffbbcbb8f90); nextpnr=""nextpnr-ecp5"" -- Next Generation Place and Route (Version 0.9-3); iverilog=Icarus Verilog version 12.0 (stable) (); python=Python 3.14.4; host=Linux-7.0.0-28-generic-x86_64-with-glibc2.43",N/A,30,82,0,3807,False
afa5b3c9b93d,2026-09-11T21:42:57Z,pps_generator,low-rate-control,LFE5U-45F-7BG256I,-7,125.0,219.829,3.451,101,60,0,0,0,N/A (pulse counter),1 PPS per second,production-defaults,"dut.pulse_count_TRELLIS_FF_Q_23 -> dut.pulse_count_TRELLIS_FF_Q_9 [4.02 ns: logic 1.80 + route 2.23, 49 segs]",1,"yosys=Yosys 0.52 (git sha1 fee39a3284c90249e1d9684cf6944ffbbcbb8f90); nextpnr=""nextpnr-ecp5"" -- Next Generation Place and Route (Version 0.9-3); iverilog=Icarus Verilog version 12.0 (stable) (); python=Python 3.14.4; host=Linux-7.0.0-28-generic-x86_64-with-glibc2.43",N/A,6,2,0,137,True
afa5b3c9b93d,2026-09-11T21:43:01Z,pps_uart,composition,LFE5U-45F-7BG256I,-7,125.0,138.351,0.772,564,251,0,0,0,N/A,1 PPS + telemetry per second,production-defaults,"dut.formatter_i.byte_index_TRELLIS_FF_Q_1 -> dut.uart_i.shift_reg_TRELLIS_FF_Q_8 [6.70 ns: logic 1.46 + route 5.24, 15 segs]",1,"yosys=Yosys 0.52 (git sha1 fee39a3284c90249e1d9684cf6944ffbbcbb8f90); nextpnr=""nextpnr-ecp5"" -- Next Generation Place and Route (Version 0.9-3); iverilog=Icarus Verilog version 12.0 (stable) (); python=Python 3.14.4; host=Linux-7.0.0-28-generic-x86_64-with-glibc2.43",N/A,84,102,0,137,True
afa5b3c9b93d,2026-09-11T21:43:35Z,time_telemetry,low-rate-control,LFE5U-45F-7BG256I,-7,125.0,151.194,1.386,581,233,0,0,0,N/A (frame formatter),1 frame per second,production-defaults,"dut.byte_index_TRELLIS_FF_Q_2 -> dut.checksum_TRELLIS_FF_Q_5 [6.09 ns: logic 1.63 + route 4.46, 17 segs]",1,"yosys=Yosys 0.52 (git sha1 fee39a3284c90249e1d9684cf6944ffbbcbb8f90); nextpnr=""nextpnr-ecp5"" -- Next Generation Place and Route (Version 0.9-3); iverilog=Icarus Verilog version 12.0 (stable) (); python=Python 3.14.4; host=Linux-7.0.0-28-generic-x86_64-with-glibc2.43",N/A,78,94,0,870,True
afa5b3c9b93d,2026-09-11T21:28:00Z,uart_tx,io-interface,LFE5U-45F-7BG256I,-7,125.0,229.2,3.637,102,68,0,0,0,1 start bit (1 clk),1 byte per (CLK_HZ/BAUD) clk,production-defaults,"dut.baud_count_TRELLIS_FF_Q -> dut.shift_reg_TRELLIS_FF_Q_1 [3.41 ns: logic 0.71 + route 2.71, 9 segs]",1,"yosys=Yosys 0.52 (git sha1 fee39a3284c90249e1d9684cf6944ffbbcbb8f90); nextpnr=""nextpnr-ecp5"" -- Next Generation Place and Route (Version 0.9-3); iverilog=Icarus Verilog version 12.0 (stable) (); python=Python 3.14.4; host=Linux-7.0.0-28-generic-x86_64-with-glibc2.43",N/A,10,6,0,137,True
afa5b3c9b93d,2026-09-11T21:40:12Z,hat_spi_slave,io-interface,LFE5U-45F-7BG256I,-7,125.0,111.148,-0.997,515,253,0,0,0,N/A (SPI transaction FSM),1 register access per SPI frame,production-defaults,"dut.rx_shift_TRELLIS_FF_Q_1 -> dut.tx_shift_TRELLIS_FF_Q_3 [8.47 ns: logic 1.67 + route 6.80, 17 segs]",1,"yosys=Yosys 0.52 (git sha1 fee39a3284c90249e1d9684cf6944ffbbcbb8f90); nextpnr=""nextpnr-ecp5"" -- Next Generation Place and Route (Version 0.9-3); iverilog=Icarus Verilog version 12.0 (stable) (); python=Python 3.14.4; host=Linux-7.0.0-28-generic-x86_64-with-glibc2.43",N/A,48,78,0,363,False
4af736453220,2026-09-11T22:44:01Z,lcd_i2c_driver,io-interface,LFE5U-45F-7BG256I,-7,125.0,31.021,-24.236,1110,181,0,0,0,N/A (I2C transaction FSM),1 I2C transaction per display update,production-defaults,"dut.pos_TRELLIS_FF_Q_1 -> dut.shadow.0.2$DPRAM_COMB0 [31.71 ns: logic 12.70 + route 19.01, 125 segs]",1,"yosys=Yosys 0.52 (git sha1 fee39a3284c90249e1d9684cf6944ffbbcbb8f90); nextpnr=""nextpnr-ecp5"" -- Next Generation Place and Route (Version 0.9-3); iverilog=Icarus Verilog version 12.0 (stable) (); python=Python 3.14.4; host=Linux-7.0.0-28-generic-x86_64-with-glibc2.43",N/A,66,198,0,180,False
afa5b3c9b93d,2026-09-11T21:40:29Z,i2c_master_byte,io-interface,LFE5U-45F-7BG256I,-7,125.0,216.216,3.375,117,78,0,0,0,N/A (byte engine FSM),1 byte per I2C frame,production-defaults,"dut.q_TRELLIS_FF_Q_5 -> dut.done_TRELLIS_FF_Q [3.68 ns: logic 0.73 + route 2.95, 9 segs]",1,"yosys=Yosys 0.52 (git sha1 fee39a3284c90249e1d9684cf6944ffbbcbb8f90); nextpnr=""nextpnr-ecp5"" -- Next Generation Place and Route (Version 0.9-3); iverilog=Icarus Verilog version 12.0 (stable) (); python=Python 3.14.4; host=Linux-7.0.0-28-generic-x86_64-with-glibc2.43",N/A,14,36,0,180,True
afa5b3c9b93d,2026-09-11T21:38:36Z,engeler_detector,composition,LFE5U-45F-7BG256I,-7,125.0,28.461,-27.136,9967,3752,0,28,0,stage sum (observables + AM + PM + sync),1 sample per clk (sample_ce),production-defaults,"dut.observables_i.detector_i.pm_i.state_1_TRELLIS_FF_Q_15 -> dut.observables_i.detector_i.pm_i.overflow_TRELLIS_FF_Q [34.61 ns: logic 14.93 + route 19.68, 149 segs]",1,"yosys=Yosys 0.52 (git sha1 fee39a3284c90249e1d9684cf6944ffbbcbb8f90); nextpnr=""nextpnr-ecp5"" -- Next Generation Place and Route (Version 0.9-3); iverilog=Icarus Verilog version 12.0 (stable) (); python=Python 3.14.4; host=Linux-7.0.0-28-generic-x86_64-with-glibc2.43",24,94,224,0,2016,False
afa5b3c9b93d,2026-09-11T21:36:25Z,dcf77_receiver_core,composition,LFE5U-45F-7BG256I,-7,125.0,26.914,-29.156,15564,5796,8,28,0,whole-pipeline latency,1 sample per clk (sample_ce),production-defaults,"dut.detector_i.observables_i.detector_i.am_i.state_1_TRELLIS_FF_Q_10 -> dut.detector_i.observables_i.detector_i.am_i.state_1_TRELLIS_FF_Q_17 [36.63 ns: logic 14.78 + route 21.85, 153 segs]",1,"yosys=Yosys 0.52 (git sha1 fee39a3284c90249e1d9684cf6944ffbbcbb8f90); nextpnr=""nextpnr-ecp5"" -- Next Generation Place and Route (Version 0.9-3); iverilog=Icarus Verilog version 12.0 (stable) (); python=Python 3.14.4; host=Linux-7.0.0-28-generic-x86_64-with-glibc2.43",24,268,770,0,1316,False
afa5b3c9b93d,2026-09-11T21:32:55Z,dcf77_hat_top,composition,LFE5U-45F-7BG256I,-7,125.0,28.914,-26.585,17253,6178,8,28,1,whole-system latency,1 sample per clk at 125 MHz (PLL-derived),production-defaults,"core_i.detector_i.observables_i.detector_i.carrier_i.state_1_TRELLIS_FF_Q_29 -> core_i.detector_i.observables_i.detector_i.carrier_i.overflow_TRELLIS_FF_Q [34.06 ns: logic 14.67 + route 19.39, 131 segs]",1,"yosys=Yosys 0.52 (git sha1 fee39a3284c90249e1d9684cf6944ffbbcbb8f90); nextpnr=""nextpnr-ecp5"" -- Next Generation Place and Route (Version 0.9-3); iverilog=Icarus Verilog version 12.0 (stable) (); python=Python 3.14.4; host=Linux-7.0.0-28-generic-x86_64-with-glibc2.43",24,322,1090,0,1316,False
